[
  {
    "title":"ZNMD",
    "releaseYear":"2011",
    "language":"Hindi",
    "rating":"4",
    "length":"2.5",
    "description":"Friends Kabir, Imran and Arjun take a vacation in Spain before Kabir's marriage. The trip turns into an opportunity to mend fences, heal wounds, fall in love with life and combat their worst fears.",
    "actors": [
      {
        "firstName":" Hrithik",
        "lastName":"Roshan",
        "gender":"Male"

      },
      {
        "firstName":" Katrina",
        "lastName":"Kaif",
        "gender":"Female"

      },
      {
        "firstName":"Abhay",
        "lastName":"Deol",
        "gender":"Male"

      },
      {
        "firstName":"Farhan",
        "lastName":"Akhtar",
        "gender":"Male"

      },
      {
        "firstName":" Kalki",
        "lastName":"Koechlin",
        "gender":"Female"

      }
    ],
    "album":{
      "albumName":"a1",
      "images":[
        {
          "url":"images/zindagi-na-milegi-dobara-wallpaper.jpg"

        },{
          "url":"images/znmd.jpg"
        }


      ]


    },

    "createDate":"15/7/2011",
    "deleteDate":""




  },
  {
    "title":"Bajirao Mastani",
    "releaseYear":"2015",
    "language":"Hindi",
    "rating":"4",
    "length":"2.5",
    "description":"The heroic Peshwa Bajirao, married to Kashibai, falls in love with Mastani, a warrior princess in distress. They struggle to make their love triumph amid opposition from his conservative family.",
    "actors": [
      {
        "firstName":"Ranveer",
        "lastName":"Singh",
        "gender":"Male"

      },
      {
        "firstName":"Deepika",
        "lastName":"Padukone",
        "gender":"Female"

      },
      {
        "firstName":"Priyanka",
        "lastName":"Chopra",
        "gender":"Female"

      }
    ],
    "album":{
      "albumName":"a1",
      "images":[
        {
          "url":"images/bajirao.jpg"

        },{
          "url":"images/bajirao1.jpg"
        }


      ]


    },

    "createDate":"18/12/2015",
    "deleteDate":""




  }




]